airline_icao,airline_name,flight_number,di_code,line_type,aircraft_type,seats,origin_icao,origin_desc,dest_icao,dest_desc,scheduled_departure,actual_departure,scheduled_arrival,actual_arrival,flight_status,justification,reference_date,departure_punctuality,arrival_punctuality,source_file,source_url,source_year_month,file_sha256,ingested_at_utc,row_number,record_natural_key
TAM,TAM LINHAS AEREAS S.A.,3001,0,N,A320,174,SBSP,SAO PAULO/CONGONHAS,SBRJ,RIO DE JANEIRO/SANTOS DUMONT,2023-06-01 08:00,2023-06-01 08:05,2023-06-01 09:00,2023-06-01 09:10,REALIZADO,,2023-06-01,PONTUAL,PONTUAL,VRA_2023_06.csv,https://siros.anac.gov.br/siros/registros/diversos/vra/2023/VRA_2023_06.csv,2023-06,deadbeefdeadbeefdeadbeefdeadbeefdeadbeefdeadbeefdeadbeefdeadbeef,2023-07-01T03:00:00Z,1,sk-tam-3001-20230601
TAM,TAM LINHAS AEREAS S.A.,3002,0,N,A320,174,SBSP,SAO PAULO/CONGONHAS,SBRJ,RIO DE JANEIRO/SANTOS DUMONT,2023-06-02 08:00,2023-06-02 08:03,2023-06-02 09:00,2023-06-02 09:15,REALIZADO,,2023-06-02,PONTUAL,PONTUAL,VRA_2023_06.csv,https://siros.anac.gov.br/siros/registros/diversos/vra/2023/VRA_2023_06.csv,2023-06,deadbeefdeadbeefdeadbeefdeadbeefdeadbeefdeadbeefdeadbeefdeadbeef,2023-07-01T03:00:00Z,2,sk-tam-3002-20230602
TAM,TAM LINHAS AEREAS S.A.,3003,0,N,A320,174,SBSP,SAO PAULO/CONGONHAS,SBRJ,RIO DE JANEIRO/SANTOS DUMONT,2023-06-03 08:00,2023-06-03 08:20,2023-06-03 09:00,2023-06-03 09:16,REALIZADO,,2023-06-03,ATRASADO,ATRASADO,VRA_2023_06.csv,https://siros.anac.gov.br/siros/registros/diversos/vra/2023/VRA_2023_06.csv,2023-06,deadbeefdeadbeefdeadbeefdeadbeefdeadbeefdeadbeefdeadbeefdeadbeef,2023-07-01T03:00:00Z,3,sk-tam-3003-20230603
TAM,TAM LINHAS AEREAS S.A.,3004,0,N,A320,174,SBSP,SAO PAULO/CONGONHAS,SBRJ,RIO DE JANEIRO/SANTOS DUMONT,2023-06-04 08:00,2023-06-04 07:45,2023-06-04 09:00,2023-06-04 08:50,REALIZADO,,2023-06-04,ANTECIPADO,ANTECIPADO,VRA_2023_06.csv,https://siros.anac.gov.br/siros/registros/diversos/vra/2023/VRA_2023_06.csv,2023-06,deadbeefdeadbeefdeadbeefdeadbeefdeadbeefdeadbeefdeadbeefdeadbeef,2023-07-01T03:00:00Z,4,sk-tam-3004-20230604
TAM,TAM LINHAS AEREAS S.A.,3005,0,N,A320,174,SBSP,SAO PAULO/CONGONHAS,SBRJ,RIO DE JANEIRO/SANTOS DUMONT,2023-06-05 08:00,,2023-06-05 09:00,,CANCELADO,CANCELAMENTO OPERACIONAL,2023-06-05,,,VRA_2023_06.csv,https://siros.anac.gov.br/siros/registros/diversos/vra/2023/VRA_2023_06.csv,2023-06,deadbeefdeadbeefdeadbeefdeadbeefdeadbeefdeadbeefdeadbeefdeadbeef,2023-07-01T03:00:00Z,5,sk-tam-3005-20230605
TAM,TAM LINHAS AEREAS S.A.,3006,0,N,A320,174,SBSP,SAO PAULO/CONGONHAS,SBRJ,RIO DE JANEIRO/SANTOS DUMONT,2023-06-06 08:00,,2023-06-06 09:00,,NÃO INFORMADO,,2023-06-06,,,VRA_2023_06.csv,https://siros.anac.gov.br/siros/registros/diversos/vra/2023/VRA_2023_06.csv,2023-06,deadbeefdeadbeefdeadbeefdeadbeefdeadbeefdeadbeefdeadbeefdeadbeef,2023-07-01T03:00:00Z,6,sk-tam-3006-20230606
TAM,TAM LINHAS AEREAS S.A.,3007,0,N,A320,174,SBSP,SAO PAULO/CONGONHAS,SBRJ,RIO DE JANEIRO/SANTOS DUMONT,2023-06-07 08:00,2023-06-07 08:10,2023-06-07 09:00,,REALIZADO,,2023-06-07,,,VRA_2023_06.csv,https://siros.anac.gov.br/siros/registros/diversos/vra/2023/VRA_2023_06.csv,2023-06,deadbeefdeadbeefdeadbeefdeadbeefdeadbeefdeadbeefdeadbeefdeadbeef,2023-07-01T03:00:00Z,7,sk-tam-3007-20230607
GLO,GOL LINHAS AEREAS S.A.,4001,0,N,B738,186,SBRJ,RIO DE JANEIRO/SANTOS DUMONT,SBSP,SAO PAULO/CONGONHAS,2023-06-01 10:00,2023-06-01 10:15,2023-06-01 11:00,2023-06-01 11:20,REALIZADO,,2023-06-01,ATRASADO,ATRASADO,VRA_2023_06.csv,https://siros.anac.gov.br/siros/registros/diversos/vra/2023/VRA_2023_06.csv,2023-06,deadbeefdeadbeefdeadbeefdeadbeefdeadbeefdeadbeefdeadbeefdeadbeef,2023-07-01T03:00:00Z,8,sk-glo-4001-20230601
GLO,GOL LINHAS AEREAS S.A.,4002,0,N,B738,186,SBRJ,RIO DE JANEIRO/SANTOS DUMONT,SBSP,SAO PAULO/CONGONHAS,2023-06-02 10:00,2023-06-02 10:02,2023-06-02 11:00,2023-06-02 11:05,REALIZADO,,2023-06-02,PONTUAL,PONTUAL,VRA_2023_06.csv,https://siros.anac.gov.br/siros/registros/diversos/vra/2023/VRA_2023_06.csv,2023-06,deadbeefdeadbeefdeadbeefdeadbeefdeadbeefdeadbeefdeadbeefdeadbeef,2023-07-01T03:00:00Z,9,sk-glo-4002-20230602
